"year","artist_name","weeks"
1995,"Guus Meeuwis & Vagant","16"
1995,"Vangelis","27"
1995,"Céline Dion","24"
1995,"Coolio feat. L.V.","9"
1995,"Kamiel Spiessens","11"
1995,"Jimmy B.","10"
1995,"Scatman John","22"
1995,"Céline Dion","24"
1995,"Bryan Adams","26"
1995,"Gompie","14"
1995,"Snap! feat. Summer","12"
1995,"Scatman John","17"
1995,"Höllenboer","11"
1995,"Marco Borsato","10"
1995,"Double Vision","6"
1995,"Offspring","23"
1995,"Take That","16"
1995,"Eddy Wally","18"
1995,"Sin With Sebastian","15"
1995,"Wendy Van Wanten","16"
1995,"Edwyn Collins",""
1995,"Clouseau","6"
1995,"The Connells","19"
1995,"Urbanus",""
1995,"Simply Red",""
1995,"Technohead","17"
1995,"Nick Cave & The Bad Seeds + Kylie Minogue","11"
1995,"La Bouche","16"
1995,"K's Choice","19"
1995,"Shaggy","13"
1995,"Tokyo Ghetto Pussy","11"
1995,"Marco Borsato",""
1995,"Michael Jackson","15"
1995,"Winx","16"
1995,"Secret Garden","16"
1995,"The Cranberries",""
1995,"Mark 'Oh","6"
1995,"Ini Kamoze",""
1995,"Clouseau","12"
1995,"Tom Wilson","15"
1995,"East 17",""
1995,"2 Brothers On The 4th Floor feat. Des'Ray And D-Rock","14"
1995,"Soulsister",""
1995,"Nightcrawlers","15"
1995,"Boyzone","12"
1995,"Will Tura",""
1995,"Sam Gooris","15"
1995,"Sha-Na","15"
1995,"Will Tura","14"
1995,"Vaya Con Dios","15"
1995,"Me & My","13"
1995,"Diana King","12"
1995,"Noordkaap","15"
1995,"Nina [1990s]",""
1995,"N-Trance feat. Ricardo Da Force","13"
1995,"Bon Jovi","16"
1995,"Zolex","17"
1995,"Everything But The Girl","15"
1995,"De Brugse Strangers","11"
1995,"The Championettes",""
1995,"Duke","15"
1995,"M.C. Sar & The Real McCoy",""
1995,"Mama's Jasje en de Studenten",""
1995,"Hermes House Band",""
1995,"Dana Winner",""
1995,"Dana Winner","11"
1995,"Captain Hollywood Project","7"
1995,"Party Zone feat. Mario Caselli","13"
1995,"Queen","8"
1995,"Wendy Van Wanten","9"
1995,"Haddaway","12"
1995,"Meat Loaf","9"
1995,"U2","16"
1995,"Take That","11"
1995,"Mama's Jasje","10"
1995,"Leopold 3","6"
1995,"Pop In Wonderland & Melanie",""
1995,"740 Boyz feat. 2 In A Room","11"
1995,"Yasmine","11"
1995,"Nicki French","8"
1995,"Good Shape","11"
1995,"Boyzone","14"
1995,"DJ Bobo","13"
1995,"2 Unlimited","9"
1995,"André Rieu",""
1995,"Nina [1990s]","13"
1995,"Céline Dion","14"
1995,"The Clement Peerens Explosition","9"
1995,"Michael Jackson & Janet Jackson","8"
1995,"Dana Winner","10"
1995,"MN8","12"
1995,"Kamiel Spiessens","10"
1995,"E-Rotic","8"
1995,"Kenny ""Dope"" pres. The Bucketheads","14"
1995,"Good Shape","9"
1995,"En Zo...","10"
1995,"Whigfield","11"
1995,"Scooter","10"
1995,"20 Fingers",""
1995,"Helmut Lotti","8"
1996,"Andrea Bocelli","20"
1996,"Fugees","18"
1996,"Los Del Rio","24"
1996,"Robert Miles","22"
1996,"Babylon Zoo","15"
1996,"Paradisio","20"
1996,"Rob de Nijs","24"
1996,"Joan Osborne","22"
1996,"2 Fabiola","21"
1996,"Double Vision","16"
1996,"Garry Hagger","18"
1996,"Spice Girls","16"
1996,"Fool's Garden","19"
1996,"2 Fabiola","13"
1996,"Get Ready!","20"
1996,"Coolio feat. L.V.","17"
1996,"Double Vision","15"
1996,"Luniz","16"
1996,"Céline Dion","16"
1996,"Captain Jack","16"
1996,"Céline Dion","19"
1996,"Kamiel Spiessens","15"
1996,"Backstreet Boys","18"
1996,"Zucchero Sugar Fornaciari","17"
1996,"Enrique Iglesias","17"
1996,"Robert Miles feat. Maria Nayler","8"
1996,"Get Ready!","15"
1996,"Lisa Del Bo","14"
1996,"Guus Meeuwis & Vagant","14"
1996,"Backstreet Boys","13"
1996,"Alanis Morissette","18"
1996,"Clouseau","15"
1996,"Liliane Saint-Pierre","17"
1996,"B.B.E.","16"
1996,"Passengers","18"
1996,"Sanne","10"
1996,"Oasis","16"
1996,"Faithless","8"
1996,"Deep Zone","16"
1996,"Michael Jackson","17"
1996,"Jimmy B.","13"
1996,"DJ Dado","16"
1996,"Gary Barlow","15"
1996,"Take That","12"
1996,"Backstreet Boys","13"
1996,"3T","15"
1996,"Robert Miles","12"
1996,"Get Ready!","13"
1996,"George Michael","10"
1996,"Gina G","15"
1996,"Underworld","16"
1996,"Carrapicho","14"
1996,"Petra [BE]","14"
1996,"Captain Jack","14"
1996,"Eros Ramazzotti","16"
1996,"The Prodigy","18"
1996,"Me & My","13"
1996,"Queen","16"
1996,"DJ MD","7"
1996,"2 Unlimited","12"
1996,"Therapy?","12"
1996,"Dana Winner","14"
1996,"Deep Blue Something","14"
1996,"Peter Andre feat. Bubbler Ranx","13"
1996,"Gala","3"
1996,"Culture Beat","14"
1996,"Boyzone","9"
1996,"Artiesten Met Een Hart","9"
1996,"Mr. President","14"
1996,"Touch Of Joy","13"
1996,"Metallica","14"
1996,"Everything But The Girl","14"
1996,"Get Ready!","3"
1996,"Fugees","12"
1996,"Kamiel Spiessens","8"
1996,"Mark Snow","17"
1996,"Clouseau","10"
1996,"Helmut Lotti","11"
1996,"Adam Clayton & Larry Mullen","14"
1996,"Sha-Na","11"
1996,"Sha-Na","12"
1996,"Mark Morrison","10"
1996,"Mariah Carey & Boyz II Men","11"
1996,"Right Said Fred","10"
1996,"Ace Of Base","12"
1996,"Tina Turner","13"
1996,"OMC","14"
1996,"Michael Jackson","11"
1996,"Spice Girls","9"
1996,"Sha-Na","10"
1996,"X-Session","12"
1996,"Fugees","11"
1996,"Garry Hagger","8"
1996,"Eimear Quinn","9"
1996,"Kadoc","11"
1996,"Third World","11"
1996,"Christoff & Lindsay","12"
1996,"Skee-Lo","11"
1996,"Backstreet Boys","6"
1996,"Donna Lewis","7"
1997,"Elton John","15"
1997,"Aqua","15"
1997,"Wes","23"
1997,"Puff Daddy & Faith Evans feat. 112","22"
1997,"Sash! feat. Rodriguez","20"
1997,"Mama's Jasje","24"
1997,"Jantje Smit","19"
1997,"Funky Green Dogs","23"
1997,"Ricky Martin","24"
1997,"No Doubt","24"
1997,"Hanson","17"
1997,"Gala","23"
1997,"Toni Braxton","23"
1997,"Sash! feat. La Trec","14"
1997,"2 Fabiola","16"
1997,"Will Smith","19"
1997,"Natural Born Deejays","19"
1997,"Fiocco","9"
1997,"Gala","21"
1997,"K.I.A.","18"
1997,"Fiocco","22"
1997,"Sandra Kim & Frank Galan","17"
1997,"Get Ready!","15"
1997,"En Vogue","17"
1997,"Spice Girls","11"
1997,"Run-D.M.C. vs. Jason Nevins","7"
1997,"Sash!","18"
1997,"Meredith Brooks","17"
1997,"Backstreet Boys","12"
1997,"Barbra Streisand & Céline Dion","7"
1997,"Freek de Jonge & Stips","13"
1997,"Get Ready!","14"
1997,"Touch Of Joy","15"
1997,"Eternal feat. Bebe Winans","18"
1997,"No Mercy","19"
1997,"Madonna","18"
1997,"2 Fabiola","15"
1997,"Hanson","6"
1997,"T-Spoon","15"
1997,"Katrina And The Waves","13"
1997,"Bellini","16"
1997,"Barbra Streisand & Bryan Adams","17"
1997,"R. Kelly","17"
1997,"Mama's Jasje","10"
1997,"Touch Of Joy","16"
1997,"Spice Girls","17"
1997,"Zohra","13"
1997,"Dario G","9"
1997,"The Kelly Family","20"
1997,"Backstreet Boys","15"
1997,"GrooveZone","17"
1997,"3T","20"
1997,"Coolio feat. 40 Thevz","16"
1997,"Joe Cocker","14"
1997,"Space Frog feat. The Grim Reaper","20"
1997,"The Rembrandts","16"
1997,"Kamiel Spiessens","14"
1997,"Luc Steeno","15"
1997,"Natalie Imbruglia","3"
1997,"Worlds Apart","15"
1997,"Chumbawamba","12"
1997,"Get Ready! & Liliane St-Pierre","12"
1997,"Touch Of Joy","10"
1997,"Aqua","3"
1997,"The Sunclub","12"
1997,"The Blue Boy","12"
1997,"Babyface feat. Stevie Wonder","14"
1997,"K.I.A.","11"
1997,"Michael Jackson","14"
1997,"Gala","5"
1997,"Future Breeze","14"
1997,"Spice Girls","15"
1997,"Andreas Dorau","9"
1997,"Red 5","12"
1997,"Michael Jackson","11"
1997,"Dana Winner","13"
1997,"Apollo Four Forty","10"
1997,"No Mercy","13"
1997,"VARIOUS","3"
1997,"The Notorious B.I.G. feat. Puff Daddy & Mase","12"
1997,"X-Session","12"
1997,"Get Ready!","3"
1997,"Lionel Richie","14"
1997,"Whirlpool Productions","11"
1997,"Daft Punk","11"
1997,"Olive","10"
1997,"Paradisio","10"
1997,"The Verve","11"
1997,"DJ MD","11"
1997,"Robert Miles feat. Maria Nayler","11"
1997,"Khaled","10"
1997,"Pat Krimson","11"
1997,"Touch Of Joy","11"
1997,"De Toffe Teven","8"
1997,"Get Ready!","11"
1997,"Toni Braxton","9"
1997,"The Kelly Family","11"
1997,"Natural Born Deejays","11"
1997,"N-Trance feat. Rod Stewart","9"
1997,"White Town","12"
1998,"Céline Dion","31"
1998,"DJ Visage","26"
1998,"Emilia","7"
1998,"Cher","9"
1998,"Steps","23"
1998,"Natalie Imbruglia","19"
1998,"Vengaboys","11"
1998,"Vengaboys","24"
1998,"Boyzone","21"
1998,"Steps","25"
1998,"Scooter","17"
1998,"Kabouter Plop","27"
1998,"Aerosmith","21"
1998,"Steps","19"
1998,"Janet Jackson","22"
1998,"Pras Michel feat. ODB & intr. Mýa","21"
1998,"Marshall Masters feat. The Ultimate MC","26"
1998,"Madonna","18"
1998,"All Saints","18"
1998,"Kim Kay","31"
1998,"Savage Garden","24"
1998,"Des'ree","21"
1998,"The Mackenzie feat. Jessy","29"
1998,"Cartoons","19"
1998,"Anouk","20"
1998,"Manau","19"
1998,"Dana International","16"
1998,"The Tamperer feat. Maya","19"
1998,"Espen Lind","17"
1998,"Ultimate Kaos","26"
1998,"Faithless","19"
1998,"Lighthouse Family","23"
1998,"Tarkan","16"
1998,"2 Fabiola","13"
1998,"Brandy & Monica","19"
1998,"De Pop-Koning","14"
1998,"Michael's Beatbox","5"
1998,"X-Treme","10"
1998,"Robbie Williams","21"
1998,"Run-D.M.C. vs. Jason Nevins","19"
1998,"K-Ci & JoJo","20"
1998,"B*Witched","19"
1998,"Niels van Gogh","16"
1998,"DJ Springer","13"
1998,"Fiocco","14"
1998,"Mister John","22"
1998,"Puff Daddy feat. Jimmy Page","21"
1998,"Five","18"
1998,"Natural Born Deejays","17"
1998,"The Mackenzie feat. Jessy","16"
1998,"Five","16"
1998,"Aqua","14"
1998,"The Happy Groover (DJ Jonathan)","17"
1998,"Get Ready!","13"
1998,"Alana Dante","18"
1998,"2 Unlimited","14"
1998,"Absolom","18"
1998,"Marshall Masters feat. Da TMC","10"
1998,"Andy [BE]","17"
1998,"Robbie Tronco","18"
1998,"Coumba Gawlo","17"
1998,"Vengaboys","23"
1998,"Astroline","17"
1998,"The Mackenzie feat. Jessy","8"
1998,"Opium","21"
1998,"Sash!","13"
1998,"Fiocco","12"
1998,"Steps","8"
1998,"Eagle-Eye Cherry","18"
1998,"Mariah Carey & Whitney Houston","7"
1998,"Sweetbox","13"
1998,"Pat Krimson","16"
1998,"Aqua","14"
1998,"Alana Dante","16"
1998,"Marco Borsato","20"
1998,"Five","17"
1998,"Da Rick","12"
1998,"David Charvet","15"
1998,"Shania Twain","21"
1998,"Barbra Streisand & Céline Dion","13"
1998,"Opium","23"
1998,"Allan Theo","19"
1998,"Will Smith","15"
1998,"DJ Da Rick","17"
1998,"Imaani","15"
1998,"Dario G","16"
1998,"The Space Brothers","16"
1998,"Touch And Go","9"
1998,"Will Tura","16"
1998,"2 Unlimited","15"
1998,"N.Y.C.C.","16"
1998,"Encore!","14"
1998,"Mark Van Dale with Enrico","13"
1998,"Stardust","20"
1998,"Another Level","18"
1998,"Sash! feat. Tina Cousins","16"
1998,"DJ Visage","13"
1998,"The Rapsody feat. Warren G & Sissel","13"
1998,"Cleopatra","14"
1998,"Ricky Martin","22"
1999,"Britney Spears","24"
1999,"Lou Bega","21"
1999,"R. Kelly","11"
1999,"Eiffel 65","19"
1999,"Da Boy Tommy","12"
1999,"K3","25"
1999,"Vengaboys","21"
1999,"The Offspring","19"
1999,"Scoop","14"
1999,"DJ Peter Project","18"
1999,"Britney Spears","17"
1999,"Ann Lee","18"
1999,"Whitney Houston","20"
1999,"Shania Twain","19"
1999,"Volumia!","18"
1999,"Poco Loco Gang","17"
1999,"Milk Inc.","17"
1999,"Blondie","18"
1999,"Virtual Zone","13"
1999,"The Goo Goo Dolls","19"
1999,"Mr. Oizo","14"
1999,"Sasha","19"
1999,"Christina Aguilera","16"
1999,"Liquido","17"
1999,"Ronan Keating","18"
1999,"2Pac","17"
1999,"Britney Spears","14"
1999,"Nunca feat. Pat Krimson","14"
1999,"Nunca","17"
1999,"Poco Loco Gang","15"
1999,"Virtual Zone","15"
1999,"TLC","17"
1999,"Backstreet Boys","16"
1999,"Chicane feat. Maire Brennan","18"
1999,"Ricky Martin","18"
1999,"Wamdue Project","14"
1999,"Phats & Small","15"
1999,"Will Smith","15"
1999,"Clouseau","16"
1999,"Emilia","13"
1999,"Milk Inc.","12"
1999,"Cher","15"
1999,"Da Rick","17"
1999,"X-Session","18"
1999,"Westlife","15"
1999,"Volumia!","15"
1999,"Sixpence None The Richer","13"
1999,"Cher","13"
1999,"Five","13"
1999,"City To City","15"
1999,"A*Teens","16"
1999,"K3","12"
1999,"Jennifer Lopez","14"
1999,"Monifah","14"
1999,"Vanessa Chinitor","15"
1999,"Milk Inc.","13"
1999,"Jessica","15"
1999,"Mariah Carey & Whitney Houston","14"
1999,"Enrique Iglesias","14"
1999,"Poco Loco Gang","13"
1999,"Milk Inc.","6"
1999,"Westlife","14"
1999,"Destiny's Child","13"
1999,"Charlotte","10"
1999,"Michael's Beatbox","11"
1999,"The Black & White Brothers","15"
1999,"Bob Marley vs. Funkstar De Luxe","13"
1999,"Madonna","14"
1999,"Maurizzio","13"
1999,"Guano Apes","15"
1999,"Sylvain Van Genechten","12"
1999,"A+","13"
1999,"TQ","13"
1999,"Cartoons","11"
1999,"DJ Jurgen","13"
1999,"Scooter","13"
1999,"René Froger","13"
1999,"Ixxel","12"
1999,"DJ Fred & Arnold T","11"
1999,"Chef","13"
1999,"The Oh!","10"
1999,"Atlantis 6","15"
1999,"TQ","14"
1999,"Armand Van Helden feat. Duane Harden","13"
1999,"Live","10"
1999,"Hevia","14"
1999,"Mozaïek","14"
1999,"Artists For Kosovo","9"
1999,"Virtual Zone","7"
1999,"Michael's Beatbox","12"
1999,"Texas","13"
1999,"Johnny Vicious feat. Lula","13"
1999,"The Chemical Brothers","14"
1999,"The Offspring","12"
1999,"Shania Twain","13"
1999,"Puff Daddy feat. R. Kelly","6"
1999,"TLC","11"
1999,"X-Session","11"
1999,"The Mackenzie feat. Jessy","11"
1999,"DJ Jean","11"
2000,"Krezip","21"
2000,"Mozaïek & Walter Grootaers","10"
2000,"Bomfunk MCs","20"
2000,"Live","19"
2000,"Abel","18"
2000,"K3","19"
2000,"Liquid feat. Silvy","17"
2000,"Bon Jovi","21"
2000,"Da Boy Tommy","15"
2000,"Jody Bernal","17"
2000,"Milk Inc.","20"
2000,"Metallica with Michael Kamen conducting the San Francisco Symphon...","22"
2000,"Anton feat. DJ Ötzi","18"
2000,"Bloodhound Gang","18"
2000,"D-Devils","22"
2000,"Britney Spears","17"
2000,"King Africa","19"
2000,"Kabouter Plop","26"
2000,"Marc Anthony","21"
2000,"T'NT","19"
2000,"Levenslijn 2000","14"
2000,"Katastroof","20"
2000,"De Bewoners en Walter","2"
2000,"Melanie C feat. Lisa ""Left Eye"" Lopes","17"
2000,"Da Boy Tommy","15"
2000,"Twarres","5"
2000,"Drive By Shooters","12"
2000,"Milk Inc.","13"
2000,"Belle Perez","16"
2000,"Eminem","15"
2000,"Delerium feat. Sarah McLachlan","17"
2000,"Vengaboys","12"
2000,"Kosheen","15"
2000,"Superfunk feat. Ron Carroll","16"
2000,"Limp Bizkit","18"
2000,"Santana feat. The Product G&B","16"
2000,"Jennifer Lopez","15"
2000,"La Luna","15"
2000,"Aaliyah","16"
2000,"Anastacia","14"
2000,"R. Kelly","14"
2000,"Melanie C","12"
2000,"Jessica Simpson","17"
2000,"Bomfunk MCs","12"
2000,"Madonna","13"
2000,"Madonna","13"
2000,"All Saints","12"
2000,"BrainStorm [LV]","13"
2000,"Britney Spears","12"
2000,"*N Sync","13"
2000,"Mary Mary","14"
2000,"Whitney Houston & Enrique Iglesias","15"
2000,"Scooter","12"
2000,"Touch Of Joy","15"
2000,"Modjo","14"
2000,"Axelle Red","16"
2000,"The Corrs","13"
2000,"Puff Daddy feat. R. Kelly","13"
2000,"Scoop","11"
2000,"Cygnus X","12"
2000,"Anouk","14"
2000,"Toni Braxton","13"
2000,"ATC","12"
2000,"Aqua","11"
2000,"Touch Of Joy","14"
2000,"Christina Aguilera","13"
2000,"Zombie Nation","12"
2000,"Sisqó","13"
2000,"Darude","12"
2000,"Britney Spears","12"
2000,"Backstreet Boys","11"
2000,"Gabrielle","13"
2000,"Hooverphonic","14"
2000,"Sonique","11"
2000,"DJ Bart [BE]","9"
2000,"DJ Peter Project","10"
2000,"En Vogue","12"
2000,"Tom Jones and Mousse T.","15"
2000,"Blink 182","12"
2000,"Jan Leyers","9"
2000,"Five + Queen","11"
2000,"Westlife","11"
2000,"La Luna","9"
2000,"Moloko","13"
2000,"Fragma","13"
2000,"Vengaboys","11"
2000,"Dynamite","12"
2000,"Katastroof","10"
2000,"Nunca feat. Pat Krimson","12"
2000,"Anton feat. DJ Ötzi","11"
2000,"X-Session","13"
2000,"Montell Jordan","11"
2000,"Kelis","12"
2000,"Robbie Williams","10"
2000,"Destiny's Child","12"
2000,"Freeze","11"
2000,"P!nk","12"
2000,"Milk Inc.","9"
2000,"Alice Deejay","11"
2000,"Janez Detd.","9"
2001,"Geri Halliwell","22"
2001,"Wheatus","26"
2001,"Safri Duo","29"
2001,"K3","24"
2001,"Shaggy feat. Rayvon","19"
2001,"Shaggy feat. Rikrok","24"
2001,"Gigi D'Agostino","21"
2001,"Kylie Minogue","14"
2001,"Afroman","8"
2001,"Twarres","23"
2001,"Vanda Vanda","14"
2001,"LeAnn Rimes","20"
2001,"Blue","22"
2001,"Alicia Keys","16"
2001,"Christina Aguilera, Mya, Lil' Kim, P!nk","22"
2001,"Alizée","19"
2001,"M-Kids","18"
2001,"Eve feat. Gwen Stefani","18"
2001,"Lasgo","22"
2001,"Twarres","19"
2001,"Outkast","17"
2001,"Crazy Town","18"
2001,"Faith Hill","21"
2001,"Alien Ant Farm","14"
2001,"DJ Quicksilver","17"
2001,"Westlife","17"
2001,"Alcazar","18"
2001,"Atomic Kitten","18"
2001,"Atomic Kitten","15"
2001,"2Pac","15"
2001,"Eminem feat. Dido","17"
2001,"Sylver","16"
2001,"Gigi D'Agostino & Albertino","14"
2001,"Rui Da Silva feat. Cassandra","19"
2001,"Mary J Blige","13"
2001,"Dido","17"
2001,"Lil' Kim feat. Sisqó","16"
2001,"Live","10"
2001,"Spooks","16"
2001,"Wu-Tang Clan","16"
2001,"Destiny's Child","15"
2001,"The Mackenzie feat. Jessy","17"
2001,"Train","16"
2001,"Faithless","16"
2001,"Paul Michiels","14"
2001,"Brandy and Ray J","16"
2001,"Los Papagueros","11"
2001,"Daddy DJ","19"
2001,"Milk Inc.","7"
2001,"Enrique Iglesias","8"
2001,"Kate Ryan","17"
2001,"Britney Spears","10"
2001,"Robbie Williams","18"
2001,"Betty","12"
2001,"Various Artists","16"
2001,"Lil Bow Wow","15"
2001,"Jennifer Lopez","17"
2001,"Starmaker","16"
2001,"Blue","12"
2001,"Lasgo","7"
2001,"M-Kids","15"
2001,"Barthezz","15"
2001,"Janet Jackson","14"
2001,"Cisco Kid","20"
2001,"Lil' Kim feat. Phil Collins","15"
2001,"Manu Chao","15"
2001,"D-Devils","13"
2001,"Vanessa Amorosi","17"
2001,"Milk Inc.","11"
2001,"Solid Solution","8"
2001,"Drive By Shooters","11"
2001,"Jennifer Lopez","13"
2001,"Jennifer Lopez","16"
2001,"Kosheen","13"
2001,"Destiny's Child","16"
2001,"Gigi D'Agostino","7"
2001,"Tina Bride","17"
2001,"D12","14"
2001,"M-Kids","12"
2001,"Sylver","12"
2001,"Delerium feat. Leigh Nash","17"
2001,"Jennifer Lopez","8"
2001,"Dee Dee [BE]","15"
2001,"Michael Jackson","10"
2001,"Zippora","18"
2001,"Dante Thomas feat. Pras","17"
2001,"X-Session","14"
2001,"Nelly Furtado","14"
2001,"Sono","14"
2001,"Ricky Martin with Christina Aguilera","13"
2001,"Mya","18"
2001,"Mauro Picotto","16"
2001,"De Bewoners en Walter","11"
2001,"Five","13"
2001,"Kabouter Plop","15"
2001,"Judith (Jobse)","15"
2001,"Linkin Park","21"
2001,"Missy ""Misdemeanor"" Elliott","12"
2001,"Wyclef Jean feat. Mary J Blige","17"
2001,"Sylver","10"
2002,"Las Ketchup","18"
2002,"Kate Ryan","27"
2002,"Shakira","23"
2002,"112","23"
2002,"Shakira","20"
2002,"Céline Dion","19"
2002,"Eminem","22"
2002,"Mad'House","19"
2002,"Nelly feat. Kelly Rowland","8"
2002,"Marco en Sita","16"
2002,"Dynamite feat. Robsnob","18"
2002,"Within Temptation","17"
2002,"Brainpower","17"
2002,"Ronan Keating","19"
2002,"In-Grid","15"
2002,"Elvis Presley vs. JXL","15"
2002,"Nickelback","17"
2002,"Avril Lavigne","16"
2002,"t.A.T.u.","10"
2002,"Vanessa Carlton","18"
2002,"Sergio & The Ladies","19"
2002,"Jan Wayne","15"
2002,"Kate Winslet","15"
2002,"Sarah Connor","19"
2002,"K3","15"
2002,"Ali G and Shaggy","18"
2002,"Missy ""Misdemeanor"" Elliott","16"
2002,"M-Kids","15"
2002,"K3","15"
2002,"Nelly","20"
2002,"Gigi D'Agostino","14"
2002,"Belle Perez & Jody Bernal","17"
2002,"Christina Aguilera feat. Redman","9"
2002,"Enrique Iglesias","14"
2002,"Jessy","15"
2002,"Truth Hurts feat. Rakim","14"
2002,"Shaggy feat. Brian & Tony Gold","8"
2002,"Tiziano Ferro","16"
2002,"Raffaele","15"
2002,"P!nk","16"
2002,"Atomic Kitten","14"
2002,"Eminem","13"
2002,"Bryan Adams","16"
2002,"Liberty X","14"
2002,"TLD","14"
2002,"Christina Milian","13"
2002,"Gigi D'Agostino","12"
2002,"D*Note","14"
2002,"Jennifer Lopez","12"
2002,"Enrique Iglesias","14"
2002,"R. Kelly","15"
2002,"David Guetta feat. Chris Willis","12"
2002,"P. Diddy feat. Usher & Loon","15"
2002,"P!nk","12"
2002,"Marilyn Manson","15"
2002,"Davy Gilles, Dieter Verhaegen & Mark Tijsmans","13"
2002,"Kate Ryan","14"
2002,"Flesh & Bones","12"
2002,"Marco Borsato","14"
2002,"P!nk","11"
2002,"Eskobar feat. Heather Nova","15"
2002,"Sugababes","12"
2002,"M-Kids","13"
2002,"Justin Timberlake","9"
2002,"DB Boulevard","14"
2002,"Ellen","13"
2002,"Angie Stone","13"
2002,"Lasgo","10"
2002,"Milk Inc.","12"
2002,"DJ Boozywoozy","15"
2002,"Robbie Williams & Nicole Kidman","11"
2002,"Sophie Ellis-Bextor","13"
2002,"Britney Spears feat. Pharrell Williams","9"
2002,"Christina Milian","15"
2002,"Anastacia","12"
2002,"Britney Spears","10"
2002,"Madonna","8"
2002,"Milk Inc.","8"
2002,"Chad Kroeger feat. Josey Scott","14"
2002,"Ingeborg","10"
2002,"K.I.A. (Krapoel In Axe)","9"
2002,"Sugababes","13"
2002,"Linkin Park","13"
2002,"Will Smith intr. Tra-Knox","13"
2002,"DJ Tiësto","11"
2002,"Dynamite","9"
2002,"Britney Spears","11"
2002,"Yasmina Karraz","9"
2002,"Fat Joe feat. Ashanti","12"
2002,"Rick Guard","11"
2002,"Sunday Blues","13"
2002,"DJ Sammy & Yanou feat. Do","10"
2002,"Pure Polly_Esther","8"
2002,"Flesh & Bones","9"
2002,"Scooter","8"
2002,"The Buzz Klub","8"
2002,"Shakira","6"
2002,"Helmut Lotti","10"
2002,"MnC feat. Silvy","11"
2002,"Sita","11"
2003,"The Underdog Project vs. Sunclub","21"
2003,"Peter [BE]","13"
2003,"Spring","26"
2003,"K3","21"
2003,"Wim Soutaer","19"
2003,"Jasper Steverlinck + Steven & Stijn Kolacny","19"
2003,"Natalia","14"
2003,"Lumidee","19"
2003,"50 Cent","21"
2003,"The Black Eyed Peas","15"
2003,"Sean Paul","19"
2003,"Brahim","14"
2003,"Sarah & Koen Wauters","11"
2003,"Big Brovaz","19"
2003,"M-Kids","18"
2003,"Eminem","19"
2003,"The Booming People","25"
2003,"Veldhuis & Kemper","19"
2003,"Gareth Gates","17"
2003,"Beyoncé","17"
2003,"Tiësto","11"
2003,"Kana","18"
2003,"Panjabi MC","14"
2003,"Spring","16"
2003,"Dido","14"
2003,"Mama's Jasje","18"
2003,"Céline Dion","15"
2003,"Natalia","7"
2003,"Blue feat. Elton John","16"
2003,"Evanescence","21"
2003,"Christina Aguilera","14"
2003,"The Underdog Project","9"
2003,"The Cheeky Girls","15"
2003,"Nena & Kim Wilde","9"
2003,"Urban Trad","14"
2003,"DJ Sammy & Yanou feat. Do","15"
2003,"Biezebaaze","16"
2003,"Dynamite","14"
2003,"Sertab","13"
2003,"Masters At Work","15"
2003,"Milk Inc.","13"
2003,"K3","15"
2003,"Benny Benassi","18"
2003,"Sylver","121"
2003,"Busted","15"
2003,"Belle Perez","14"
2003,"Jessy","14"
2003,"B2K and P. Diddy","17"
2003,"Robbie Williams","13"
2003,"X!nk","9"
2003,"Busta Rhymes and Mariah Carey feat. The Flipmode Squad","12"
2003,"Praise Cats feat. Andrea Love","12"
2003,"Stacie Orrico","14"
2003,"Justin Timberlake","13"
2003,"Eminem","13"
2003,"Belle Perez & Voice Male","12"
2003,"Spring","7"
2003,"Freddy Birset & Helmut Lotti","11"
2003,"Christina Aguilera feat. Lil' Kim","10"
2003,"Justin Timberlake","9"
2003,"The Black Eyed Peas","2"
2003,"Avril Lavigne","13"
2003,"Avril Lavigne","11"
2003,"Xander de Buisonjé","13"
2003,"Girls Aloud","13"
2003,"Nelly feat. Kelly Rowland","11"
2003,"Lorna","13"
2003,"Eurosong For Kids 2003","12"
2003,"Bob Sinclar","14"
2003,"DJ Bobo","12"
2003,"Raffaele","12"
2003,"P!nk","11"
2003,"Christina Aguilera","8"
2003,"Outlandish","11"
2003,"M-Kids","10"
2003,"Tonya","10"
2003,"Beyoncé feat. Sean Paul","10"
2003,"Christina Aguilera feat. Redman","10"
2003,"Milk Inc.","10"
2003,"Jay-Z feat. Beyoncé Knowles","11"
2003,"Shaggy feat. Brian & Tony Gold","10"
2003,"50 Cent","10"
2003,"DJ S.P.U.D.","13"
2003,"Gareth Gates","12"
2003,"Britney Spears feat. Madonna","5"
2003,"t.A.T.u.","10"
2003,"Belle Perez","13"
2003,"Mis-Teeq","14"
2003,"Jennifer Lopez feat. LL Cool J","12"
2003,"Moloko","15"
2003,"Kira [BE]","11"
2003,"Daniel Bedingfield","12"
2003,"R. Kelly","10"
2003,"Brahim","9"
2003,"Madonna","10"
2003,"Justin Timberlake","9"
2003,"Phil Collins","11"
2003,"Alizée","12"
2003,"The Rasmus","5"
2003,"Wayne Wonder","11"
2004,"Xandee","20"
2004,"Aventura","33"
2004,"Ruslana","24"
2004,"Freestylers","25"
2004,"Eamon","21"
2004,"DJ Casper","25"
2004,"O-Zone","27"
2004,"Marco Borsato","23"
2004,"Kane","24"
2004,"Usher feat. Lil' Jon & Ludacris","20"
2004,"K-Maro","18"
2004,"Milk Inc. feat. Silvy","19"
2004,"Natalia","23"
2004,"Haiducii","21"
2004,"Anastacia","24"
2004,"Marco Borsato & Do","19"
2004,"Mario Winans feat. Enya & P. Diddy","21"
2004,"Spring","22"
2004,"The Black Eyed Peas","17"
2004,"Jamelia","24"
2004,"Natalia","16"
2004,"Danzel","23"
2004,"Evanescence","21"
2004,"Britney Spears","21"
2004,"Natalia","19"
2004,"Milk Inc.","16"
2004,"Tonya","25"
2004,"Gene Thomas","17"
2004,"André Hazes","12"
2004,"Clouseau","17"
2004,"De Feestridders","16"
2004,"Belle Perez","22"
2004,"Britney Spears","18"
2004,"Nick Kamen","20"
2004,"Kate Ryan","20"
2004,"Christina Aguilera feat. Missy Elliott","8"
2004,"Spring","16"
2004,"DJ Kicken vs. MC-Q","21"
2004,"Anastacia","21"
2004,"Destiny's Child","8"
2004,"X!nk","18"
2004,"DJ F.R.A.N.K. feat. Vick Krishna","17"
2004,"X!nk","22"
2004,"The Black Eyed Peas","16"
2004,"JoJo","18"
2004,"Nâdiya feat. Smartzee","9"
2004,"D12","15"
2004,"Trancelucent feat. Regi","14"
2004,"Kelis","17"
2004,"Natalia","14"
2004,"Armand van Helden","13"
2004,"Tiësto feat. BT","14"
2004,"Elsie Moraïs","13"
2004,"Kevin Lyttle","18"
2004,"Leki","16"
2004,"Treble","19"
2004,"Dynamite","15"
2004,"K3","17"
2004,"Lasgo","15"
2004,"Eric Prydz","11"
2004,"Kurt Nilsen","13"
2004,"Gene Thomas","14"
2004,"Girls Aloud","16"
2004,"Limp Bizkit","19"
2004,"Stash","9"
2004,"Kelis","17"
2004,"Enrique Iglesias feat. Kelis","15"
2004,"Nina Sky feat. Jabba","16"
2004,"Maroon 5","22"
2004,"Beyoncé","13"
2004,"Sylver","12"
2004,"Joeri","1"
2004,"Hilary Duff","17"
2004,"Danzel","16"
2004,"The Rasmus","17"
2004,"Junior Jack","16"
2004,"N.E.R.D.","15"
2004,"Narcotic Thrust","15"
2004,"Nelly Furtado","16"
2004,"Frankee","13"
2004,"Britney Spears","8"
2004,"Kate Ryan","14"
2004,"Barbara Dex & Alides","11"
2004,"T-Rio","15"
2004,"LMC vs U2","12"
2004,"Janet Jackson","17"
2004,"Sarah & Koen Wauters","13"
2004,"Motorcycle","14"
2004,"Within Temptation","9"
2004,"Xandee","13"
2004,"Band Aid 20","3"
2004,"Michael Andrews feat. Gary Jules","14"
2004,"Eminem","7"
2004,"Clouseau","6"
2004,"Usher","13"
2004,"3 Doors Down","18"
2004,"Hoobastank","13"
2004,"D12","13"
2004,"Natasha Bedingfield","13"
2004,"Tiësto feat. Kirsty Hawkshaw","10"
2005,"Artiesten Voor Tsunami 12-12","12"
2005,"Crazy Frog","24"
2005,"Schnappi","20"
2005,"James Blunt","23"
2005,"Bob Sinclar presents Goleo VI feat. Gary ""Nesta"" Pine","14"
2005,"Star Academy [BE VL]","18"
2005,"Stash","23"
2005,"K3","20"
2005,"Laura Lynn","26"
2005,"Akon","19"
2005,"Belle Perez","22"
2005,"The Pussycat Dolls feat. Busta Rhymes","16"
2005,"Katerine","16"
2005,"50 Cent feat. Olivia","20"
2005,"Anouk","17"
2005,"Nâdiya feat. Smartzee","20"
2005,"Will Smith","17"
2005,"Sandrine","17"
2005,"Sugababes","12"
2005,"Wouter","15"
2005,"Paul Cless feat. Brixx","19"
2005,"Shakira feat. Alejandro Sanz","22"
2005,"Daniel Powter","20"
2005,"Gene Thomas","19"
2005,"Papi Sanchez","19"
2005,"Jennifer Lopez","15"
2005,"Gwen Stefani feat. Eve","15"
2005,"Madonna","7"
2005,"Joeri","10"
2005,"Mario","14"
2005,"Felix Project","17"
2005,"Dynamite","14"
2005,"Anouk","16"
2005,"Zornik","13"
2005,"Jay-Z / Linkin Park","16"
2005,"The Black Eyed Peas","13"
2005,"Frans Bauer","17"
2005,"Snappie","13"
2005,"Moby","16"
2005,"Natalia meets The Pointer Sisters","9"
2005,"Laura [BE]","19"
2005,"Milk Inc.","11"
2005,"Rihanna","15"
2005,"Gwen Stefani","14"
2005,"Monza & Marie Daulne","14"
2005,"Dave McCullen","12"
2005,"Mariah Carey","15"
2005,"Starsailor","18"
2005,"Lasgo","12"
2005,"Nâdiya","18"
2005,"De Jeugd Van Tegenwoordig","16"
2005,"Pim","10"
2005,"Helena Paparizou","14"
2005,"Milk Inc.","10"
2005,"Sean Paul","14"
2005,"Katerine","9"
2005,"Clouseau","6"
2005,"Christina Aguilera feat. Missy Elliott","13"
2005,"Destiny's Child","10"
2005,"Mattafix","13"
2005,"50 Cent","11"
2005,"Cüva feat. DJ F.R.A.N.K.","13"
2005,"Tonya","14"
2005,"Spring","15"
2005,"Hadise","13"
2005,"Snoop Dogg feat. Pharrell","12"
2005,"t.A.T.u.","12"
2005,"Snoop Dogg feat. Charlie Wilson and Justin Timberlake","13"
2005,"Clouseau","10"
2005,"Lash","11"
2005,"Sylver","11"
2005,"Natalia","16"
2005,"Ciara feat. Missy Elliott","11"
2005,"Britney Spears","12"
2005,"Robbie Williams","12"
2005,"The Chemical Brothers","13"
2005,"Clouseau","11"
2005,"Brahim","9"
2005,"Laura Lynn","10"
2005,"Regi","10"
2005,"The Game feat. 50 Cent","11"
2005,"The Magical Flying Thunderbirds","12"
2005,"Sarah Bettens","13"
2005,"Eminem","10"
2005,"Jesse McCartney","16"
2005,"Crazy Frog","12"
2005,"Ashanti","11"
2005,"Frans Bauer","10"
2005,"Kelly Clarkson","14"
2005,"Papi Sanchez","10"
2005,"Paris Avenue feat. Robin One","11"
2005,"Elize","12"
2005,"Gwen Stefani","9"
2005,"The Black Eyed Peas","5"
2005,"Belle Perez","10"
2005,"DJ Alive & Kicken","10"
2005,"Lunaman","9"
2005,"Dynamite feat. Vader Abraham","10"
2005,"D-Me","9"
2005,"Missy Elliott feat. Ciara & Fatman Scoop","13"
2006,"Marco Borsato","33"
2006,"Kate Ryan","27"
2006,"Belle Perez","18"
2006,"Henkie","29"
2006,"Shakira feat. Wyclef Jean","31"
2006,"Gnarls Barkley","29"
2006,"Juanes","37"
2006,"Laura Lynn","15"
2006,"Eros Ramazzotti & Anastacia","32"
2006,"Bob Sinclar & Cutee-B feat. Dollarman & Big Ali & Makedah","18"
2006,"K3","27"
2006,"Lordi","18"
2006,"The Black Eyed Peas","25"
2006,"Scissor Sisters","15"
2006,"The Pussycat Dolls feat. Will.i.am","22"
2006,"Mary J Blige and U2","24"
2006,"Bob Sinclar feat. Steve Edwards","20"
2006,"The Pussycat Dolls feat. Snoop Dogg","20"
2006,"Sean Paul","24"
2006,"Thor!","11"
2006,"Rihanna","22"
2006,"Kelly Clarkson","23"
2006,"Sergio Mendes feat. The Black Eyed Peas","20"
2006,"James Blunt","22"
2006,"Andrea Bocelli & Marco Borsato","23"
2006,"Rihanna","18"
2006,"Sylver","19"
2006,"Meck feat. Leo Sayer","25"
2006,"Milk Inc.","20"
2006,"Kaye Styles","14"
2006,"Red Hot Chili Peppers","29"
2006,"Kaye Styles","18"
2006,"Udo","21"
2006,"Justin Timberlake","16"
2006,"Kate Ryan","18"
2006,"Crazy Frog","20"
2006,"Klaus Badelt / Tiësto","23"
2006,"Laura Lynn","17"
2006,"The Black Eyed Peas","23"
2006,"Bob Sinclar presents Goleo VI feat. Gary ""Nesta"" Pine","28"
2006,"Clouseau","5"
2006,"Katie Melua","24"
2006,"Tiësto feat. Maxi Jazz","17"
2006,"Nelly Furtado","19"
2006,"Snow Patrol","16"
2006,"Beyoncé feat. Slim Thug","21"
2006,"Madonna","19"
2006,"Jo Vally","13"
2006,"Groove Cats","22"
2006,"Belle Perez","17"
2006,"Kaye Styles & Johnny Logan","14"
2006,"Milk Inc.","16"
2006,"Nelly Furtado feat. Timbaland","15"
2006,"Bloodhound Gang","22"
2006,"Madonna","22"
2006,"Willy Sommers","18"
2006,"ReBorn","13"
2006,"Robbie Williams","15"
2006,"The Kooks","22"
2006,"Helena Paparizou","18"
2006,"Marco Borsato & Lucie Silvas","10"
2006,"The Pussycat Dolls","17"
2006,"Christina Aguilera","16"
2006,"La Sakhra","9"
2006,"Ozark Henry","25"
2006,"LL Cool J feat. Jennifer Lopez","15"
2006,"Paris Hilton","15"
2006,"Barbara Dex","8"
2006,"Akon feat. Eminem","7"
2006,"Eminem","14"
2006,"Stash feat. Sarah Bettens","14"
2006,"P!nk","16"
2006,"Coldplay","22"
2006,"James Blunt","21"
2006,"Beyoncé feat. Jay-Z","13"
2006,"Christoff","14"
2006,"Fedde Le Grand","16"
2006,"Isabelle A","14"
2006,"Ne-Yo","14"
2006,"Clouseau","16"
2006,"The Veronicas","16"
2006,"Natalia","13"
2006,"Gebroeders Ko","11"
2006,"Katerine","13"
2006,"The Pussycat Dolls","8"
2006,"Chris Brown feat. Juelz Santana","18"
2006,"Axelle Red","12"
2006,"P!nk","20"
2006,"Danzel vs. DJ F.R.A.N.K.","13"
2006,"Sugababes","16"
2006,"Fergie","14"
2006,"Lily Allen","18"
2006,"Els De Schepper","14"
2006,"Samson & Gert","11"
2006,"Paris Avenue feat. Robin One","15"
2006,"Laura Lynn & Marva","4"
2006,"Lash","11"
2006,"Pakito","15"
2006,"Hi Tack","15"
2006,"Frank Ti-Aya feat. Yardi Don","11"
2007,"Fixkes","36"
2007,"Mika","31"
2007,"Stan Van Samang","22"
2007,"Mika","32"
2007,"Rihanna feat. Jay-Z","29"
2007,"Milow","34"
2007,"Mega Mindy","26"
2007,"Nelly Furtado","26"
2007,"Regi & Scala","24"
2007,"Kaiser Chiefs","30"
2007,"Timbaland feat. Keri Hilson","21"
2007,"Alex Gaudino feat. Crystal Waters","23"
2007,"Kate Ryan","16"
2007,"Rihanna","11"
2007,"Udo","22"
2007,"P!nk","22"
2007,"Nelly Furtado","25"
2007,"Beyoncé & Shakira","20"
2007,"Timbaland feat. Nelly Furtado & Justin Timberlake","24"
2007,"Milk Inc.","17"
2007,"Laura Lynn & Frans Bauer","7"
2007,"Snow Patrol","19"
2007,"Tokio Hotel","26"
2007,"K3","23"
2007,"Fergie","19"
2007,"Christina Aguilera","18"
2007,"Jeroen van der Boom","12"
2007,"Dean [BE]","15"
2007,"Snow Patrol","15"
2007,"Mega Mindy","22"
2007,"Enrique Iglesias","19"
2007,"Thor!","15"
2007,"Clouseau","19"
2007,"The Chemical Brothers","19"
2007,"Mika","15"
2007,"Avril Lavigne","19"
2007,"Akon feat. Eminem","17"
2007,"Plain White T's","16"
2007,"Christina Aguilera","21"
2007,"The Fray","19"
2007,"Amy Winehouse","21"
2007,"Robbie Williams with Pet Shop Boys","17"
2007,"Eric Prydz vs. Floyd","16"
2007,"Damien Rice","17"
2007,"Bob Sinclar & Cutee B feat. Gary Pine And Dollarman","16"
2007,"James Blunt","15"
2007,"Justin Timberlake","18"
2007,"Clouseau","15"
2007,"Laura Lynn","11"
2007,"Natalia","17"
2007,"Gwen Stefani feat. Akon","16"
2007,"Natalia meets En Vogue","8"
2007,"Red Hot Chili Peppers","16"
2007,"Jeckyll & Hyde","22"
2007,"Tom Helsen","19"
2007,"Gwen Stefani","15"
2007,"Tom Helsen","16"
2007,"Samim","12"
2007,"Robyn with Kleerup","13"
2007,"Justin Timberlake","15"
2007,"Marco Borsato","11"
2007,"Sunrise Avenue","15"
2007,"Christoff","11"
2007,"James Morrison","16"
2007,"Bob Sinclar pres. Fireball","15"
2007,"Kate Nash","14"
2007,"Gabriel Rios","14"
2007,"Axelle Red","20"
2007,"Sean Kingston","15"
2007,"Holly Dolly","16"
2007,"Fergie feat. Ludacris","15"
2007,"Britney Spears","10"
2007,"Yves Larock","15"
2007,"Jennifer Lopez","14"
2007,"Laura Lynn","8"
2007,"Rihanna","13"
2007,"Camille Jones vs. Fedde Le Grand","15"
2007,"Mega Mindy","8"
2007,"Fergie feat. Will.i.am","14"
2007,"I'm From Barcelona","18"
2007,"Thor!","14"
2007,"50 Cent feat. Justin Timberlake","14"
2007,"Regi & BP","9"
2007,"Fedde Le Grand","13"
2007,"Lumidee feat. Tony Sunshine","12"
2007,"Gia Farrell","14"
2007,"Milk Inc.","9"
2007,"Nailpin","10"
2007,"Trentemøller feat. Ane Trolle","13"
2007,"Scissor Sisters","9"
2007,"P. Diddy feat. Christina Aguilera","14"
2007,"Linkin Park","12"
2007,"Justin Timberlake feat. T.I.","17"
2007,"Akon feat. Snoop Dogg","10"
2007,"David Guetta feat. Chris Willis","13"
2007,"U2","11"
2007,"Kaye Styles","10"
2007,"Trust [BE]","11"
2007,"Razorlight","10"
2007,"Gebroeders Ko","10"
2008,"Amy Macdonald","29"
2008,"Leona Lewis","25"
2008,"Madonna & Justin","19"
2008,"Rihanna","20"
2008,"Laurent Wolf feat. Eric Carter","30"
2008,"Duffy","31"
2008,"Katy Perry","19"
2008,"Colbie Caillat","23"
2008,"Estelle feat. Kanye West","24"
2008,"Robert Abigail","19"
2008,"Guru Josh Project","11"
2008,"Timbaland Presents OneRepublic","17"
2008,"Freemasons feat. Bailey Tzuke","20"
2008,"Moby","22"
2008,"dEUS","20"
2008,"Coldplay","23"
2008,"Milow","13"
2008,"Gabriella Cilmi","23"
2008,"Soko","19"
2008,"Flo Rida feat. T-Pain","24"
2008,"Natalia meets En Vogue","14"
2008,"Alicia Keys","16"
2008,"Rihanna","17"
2008,"Madonna","25"
2008,"Alphabeat","19"
2008,"Lenny Kravitz","20"
2008,"Adele","19"
2008,"P!nk","14"
2008,"Kid Rock","18"
2008,"Christoff","8"
2008,"Ishtar [BE]","13"
2008,"Kat DeLuna feat. Busta Rhymes","23"
2008,"Mika","13"
2008,"The Pussycat Dolls","16"
2008,"Kat DeLuna feat. Elephant Man","18"
2008,"Yael Naim","19"
2008,"Beirut","13"
2008,"Kate Ryan","17"
2008,"Jeroen van der Boom","11"
2008,"Sandrine","16"
2008,"Regi & Tom Helsen","19"
2008,"Mark Ronson feat. Amy Winehouse","21"
2008,"AKA The Junkies","13"
2008,"Britney Spears","9"
2008,"Kylie Minogue","17"
2008,"Laura Lynn & Frans Bauer","10"
2008,"Mika","19"
2008,"Milk Inc.","15"
2008,"Madcon","25"
2008,"Leona Lewis","17"
2008,"Sara Bareilles","16"
2008,"The Ditch","19"
2008,"Lasgo","16"
2008,"Kings Of Leon","14"
2008,"Usher feat. Young Jeezy","14"
2008,"Natalia","18"
2008,"Jonas Brothers","17"
2008,"Eric Prydz","15"
2008,"Armin van Buuren feat. Sharon den Adel","14"
2008,"Leki","15"
2008,"Rihanna","16"
2008,"Amy MacDonald","9"
2008,"Duffy","23"
2008,"Enrique Iglesias","12"
2008,"Milk Inc.","8"
2008,"Laurent Wolf","17"
2008,"Milow","8"
2008,"Christoff","14"
2008,"Amy Winehouse","9"
2008,"Lindsay","11"
2008,"MGMT","19"
2008,"Sam Sparro","15"
2008,"Seal","14"
2008,"Ian Oliver feat. Shantel","11"
2008,"Kate Ryan","12"
2008,"Enrique Iglesias","16"
2008,"R.E.M.","15"
2008,"Dada Life","11"
2008,"Schiffie & Co","12"
2008,"Tocadisco feat. Meral Al-Mer","14"
2008,"Timbaland feat. Keri Hilson & Nicole Scherzinger","12"
2008,"The Subs","12"
2008,"Laura Lynn & Frans Bauer","7"
2008,"Lady Gaga feat. Colby O'Donis","12"
2008,"Kanye West feat. Chris Martin","16"
2008,"Daft Punk","8"
2008,"John Dahlbäck","13"
2008,"Marco Borsato","9"
2008,"Ne-Yo","18"
2008,"David Guetta feat. Tara McDonald","13"
2008,"Mika","6"
2008,"Katie Melua","9"
2008,"Coldplay","11"
2008,"Nelson Morais","11"
2008,"Tocadisco","9"
2008,"Anouk","10"
2008,"Regi & Koen Buyse","9"
2008,"Milk Inc.","14"
2008,"Amy Winehouse","7"
2008,"Novastar","11"
2009,"Lady Gaga","31"
2009,"K3","10"
2009,"Kings Of Leon","29"
2009,"The Black Eyed Peas","23"
2009,"The Black Eyed Peas","27"
2009,"Lily Allen","20"
2009,"Discobitch","21"
2009,"Paul & Fritz Kalkbrenner","20"
2009,"Gossip","31"
2009,"Kid Cudi vs. Crookers","21"
2009,"Emiliana Torrini","27"
2009,"David Guetta feat. Kelly Rowland","23"
2009,"Pitbull","20"
2009,"David Guetta feat. Akon","20"
2009,"Lady Linn And Her Magnificent Seven","24"
2009,"Hadise","15"
2009,"Robert Abigail feat. DJ Rebel","23"
2009,"Kings Of Leon","36"
2009,"Katy Perry","19"
2009,"Dizzee Rascal & Armand Van Helden","23"
2009,"Lily Allen","19"
2009,"Milk Inc.","21"
2009,"Flo Rida feat. Ke$ha","17"
2009,"Diggy Dex feat. Eva De Roovere","17"
2009,"Milow","14"
2009,"Agnes","19"
2009,"Tom Helsen & Geike Arnaert","10"
2009,"Polarkreis 18","17"
2009,"Sylver","14"
2009,"Lady Gaga","14"
2009,"Editors","11"
2009,"A.R. Rahman & The Pussycat Dolls feat. Nicole Scherzinger","17"
2009,"Britney Spears","11"
2009,"Cascada","22"
2009,"Akon","20"
2009,"Andy Sierens A.K.A. Vijvenveertig feat. Hooverphonic","9"
2009,"Empire Of The Sun","18"
2009,"AnnaGrace","17"
2009,"Lasgo","14"
2009,"Coldplay","12"
2009,"Guru Josh Project","11"
2009,"Lady Gaga feat. Colby O'Donis","20"
2009,"Enrique Iglesias feat. Ciara","15"
2009,"Starsailor","14"
2009,"The Pussycat Dolls","15"
2009,"Absynthe Minded","13"
2009,"Zeppe & Zikki","16"
2009,"Alexander Rybak","11"
2009,"James Morrison feat. Nelly Furtado","18"
2009,"Craig David","13"
2009,"Beyoncé","11"
2009,"Razorlight","18"
2009,"The Pussycat Dolls","17"
2009,"Robert Abigail","9"
2009,"The Black Eyed Peas","8"
2009,"Peter Fox","14"
2009,"Madonna","17"
2009,"Calvin Harris","16"
2009,"Beyoncé","14"
2009,"Sylver","13"
2009,"Sash! feat. Stunt","13"
2009,"Jason Mraz","17"
2009,"Daniel Bovie & Roy Rox feat. Nelson","13"
2009,"The Killers","12"
2009,"Amy MacDonald","10"
2009,"Bob Sinclar feat. Hendogg, Master Gee & Wonder Mike From The Orig...","12"
2009,"La Roux","17"
2009,"Eels","15"
2009,"Delerium feat. Sarah McLachlan","16"
2009,"Novastar","13"
2009,"KATHLEEN & Soweto Gospel Choir","9"
2009,"Beyoncé","14"
2009,"U2","10"
2009,"Lady Gaga","15"
2009,"Inna","14"
2009,"Laura [Laura Omloop]","10"
2009,"Alesha Dixon","14"
2009,"Empire Of The Sun","16"
2009,"P!nk","12"
2009,"Metro Station","13"
2009,"Mumford & Sons","8"
2009,"Depeche Mode","13"
2009,"Ciara feat. Justin Timberlake","12"
2009,"Jasper Erkens","12"
2009,"Tom Dice","14"
2009,"Lady Gaga","6"
2009,"Natalia","13"
2009,"Shakira","15"
2009,"Amy Macdonald","7"
2009,"Daan","11"
2009,"Daniel Bovie & Roy Rox","10"
2009,"MGMT","10"
2009,"Amika","6"
2009,"Katy Perry","6"
2009,"Muse","15"
2009,"Amika","12"
2009,"Helmut Fritz","8"
2009,"DJ Rebel","10"
2009,"Pitbull","13"
2009,"Sidney Samson","13"
2010,"Stromae","32"
2010,"Shakira feat. Freshlyground","31"
2010,"Yolanda Be Cool & DCup","18"
2010,"Tom Waes","19"
2010,"Tom Dice","24"
2010,"Swedish House Mafia","27"
2010,"David Guetta feat. Kid Cudi","24"
2010,"Duck Sauce","12"
2010,"The Black Eyed Peas","42"
2010,"Natalia & Gabriel Rios","14"
2010,"Lady Gaga feat. Beyoncé","21"
2010,"Eminem feat. Rihanna","25"
2010,"Tim Berg","21"
2010,"Owl City","20"
2010,"Editors","18"
2010,"Yeah Yeah Yeahs","19"
2010,"Lady Gaga","21"
2010,"Aloe Blacc","16"
2010,"The Black Eyed Peas","17"
2010,"Daan","20"
2010,"Ke$ha","21"
2010,"Rihanna","13"
2010,"Train","21"
2010,"Katy Perry feat. Snoop Dogg","21"
2010,"Jessy Matador","17"
2010,"Taio Cruz","19"
2010,"The Opposites","23"
2010,"Iyaz","20"
2010,"Absynthe Minded","17"
2010,"Taio Cruz","18"
2010,"Lady Gaga","21"
2010,"Jay-Z + Alicia Keys","19"
2010,"Flo Rida feat. David Guetta","17"
2010,"Enrique Iglesias feat. Pitbull","18"
2010,"Rihanna","16"
2010,"Usher feat. Pitbull","18"
2010,"The Black Eyed Peas","5"
2010,"Edward Maya & Vika Jigulina","19"
2010,"Amatorski","20"
2010,"The Opposites feat. Gers & Sef","13"
2010,"Lena Meyer-Landrut","12"
2010,"The Black Eyed Peas","17"
2010,"David Guetta feat. Akon","15"
2010,"Mike Posner","17"
2010,"Shakira feat. Dizzee Rascal","12"
2010,"Mumford & Sons","15"
2010,"Mohombi","15"
2010,"Amy Macdonald","15"
2010,"Party Harders vs. The Subs","20"
2010,"Milk Inc.","13"
2010,"B.o.B feat. Hayley Williams of Paramore","20"
2010,"Kelis","17"
2010,"Selena Gomez & The Scene","17"
2010,"Usher feat. will.i.am","17"
2010,"Mika vs. RedOne","15"
2010,"Justin Bieber feat. Ludacris","15"
2010,"Editors","14"
2010,"Bruno Mars","10"
2010,"Hooverphonic","6"
2010,"Laserkraft 3D","12"
2010,"Swedish House Mafia vs. Tinie Tempah","11"
2010,"David Guetta & Chris Willis feat. Fergie & LMFAO","19"
2010,"Eliza Doolittle","17"
2010,"Rihanna","14"
2010,"The Temper Trap","10"
2010,"Ne-Yo","15"
2010,"Lady Gaga","5"
2010,"Ozark Henry","9"
2010,"Far * East Movement feat. Cataracs & Dev","6"
2010,"Lily Allen","12"
2010,"Peter Luts","14"
2010,"James Blunt","9"
2010,"Eminem","16"
2010,"K'naan","13"
2010,"Bob Taylor feat. Inna","16"
2010,"K3","11"
2010,"Jason Derulo","14"
2010,"Cheryl Cole","15"
2010,"Cee Lo Green","13"
2010,"Timbaland feat. Katy Perry","12"
2010,"Dennis Ferrer","12"
2010,"Kat DeLuna feat. Akon","13"
2010,"Mika","7"
2010,"Jason Derulo","14"
2010,"Alexandra Burke feat. Flo Rida","14"
2010,"OneRepublic","10"
2010,"Das Pop","9"
2010,"Gossip","3"
2010,"Katy Perry","13"
2010,"Fake Blood","8"
2010,"Nelson [BE]","12"
2010,"Robert Abigail & DJ Rebel feat. M.O.","11"
2010,"Stromae","10"
2010,"VtmKzoom","6"
2010,"Kylie Minogue","10"
2010,"Gramophonedzie","11"
2010,"Martin Solveig & Dragonette","6"
2010,"Ke$ha","11"
2010,"Isbells","9"
2010,"Rihanna","8"
2011,"Gotye feat. Kimbra","3"
2011,"Adele","2"
2011,"Adele","1"
2011,"LMFAO feat. Lauren Bennett & GoonRock","34"
2011,"Adele","1"
2011,"Pitbull feat. Ne-Yo, Afrojack & Nayer","27"
2011,"Lykke Li","16"
2011,"Jennifer Lopez feat. Pitbull","23"
2011,"Snoop Dogg vs. David Guetta","22"
2011,"Agnes Obel","22"
2011,"DJ F.R.A.N.K","19"
2011,"Bruno Mars","23"
2011,"Arsenal","23"
2011,"Martin Solveig & Dragonette","18"
2011,"Rihanna","20"
2011,"Selah Sue","26"
2011,"Bruno Mars","21"
2011,"Idool 2011 Finalisten","12"
2011,"Israel Kamakawiwo'ole","16"
2011,"Birdy","1"
2011,"Maroon 5 feat. Christina Aguilera","21"
2011,"The Black Eyed Peas","16"
2011,"Jessie J feat. B.o.B","15"
2011,"Rihanna feat. Calvin Harris","12"
2011,"Sak Noel","15"
2011,"Rihanna","16"
2011,"Hooverphonic","17"
2011,"Kevin Kayirangwa","10"
2011,"Elisa Tovati & Tom Dice","18"
2011,"Coldplay","17"
2011,"Lady Gaga","17"
2011,"Bruno Mars","16"
2011,"Milow","18"
2011,"Alexis Jordan","16"
2011,"The Black Eyed Peas","17"
2011,"Chris Brown","21"
2011,"Robert Abigail & DJ Rebel feat. The Gibson Brothers","18"
2011,"Shakira feat. Pitbull","16"
2011,"Swedish House Mafia","20"
2011,"Lana Del Rey","9"
2011,"Usher","21"
2011,"Beth Ditto","19"
2011,"David Guetta feat. Usher","14"
2011,"Lucenzo feat. Don Omar","25"
2011,"Britney Spears","18"
2011,"Kato [BE]","12"
2011,"Coldplay","13"
2011,"David Guetta feat. Nicki Minaj & Flo Rida","19"
2011,"Alexandra Stan","14"
2011,"DJ Antoine vs. Timati feat. Kalenna","18"
2011,"David Guetta feat. Rihanna","14"
2011,"Snow Patrol","18"
2011,"The Black Eyed Peas","15"
2011,"Calvin Harris feat. Kelis","16"
2011,"Hooverphonic","13"
2011,"LMFAO","12"
2011,"Katy Perry","13"
2011,"DJ Fresh feat. Sian Evans","16"
2011,"David Guetta feat. Taio Cruz & Ludacris","16"
2011,"Mohombi feat. Nicole Scherzinger","15"
2011,"Goose","20"
2011,"James Blake","12"
2011,"Chris Brown feat. Benny Benassi","20"
2011,"The Subs","13"
2011,"Pitbull feat. Marc Anthony","19"
2011,"Beyoncé","15"
2011,"Enrique Iglesias feat. Ludacris & DJ Frank E","14"
2011,"Rihanna","7"
2011,"Shakira feat. Freshlyground","5"
2011,"Far * East Movement feat. Cataracs & Dev","10"
2011,"Rihanna","11"
2011,"Editors","4"
2011,"Selah Sue","9"
2011,"Mika","15"
2011,"Kato [BE]","11"
2011,"Bruno Mars","14"
2011,"Lady Gaga","11"
2011,"Bob Sinclar & Raffaella Carrà","11"
2011,"Sean Paul feat. Alexis Jordan","17"
2011,"Katy B feat. Ms Dynamite","14"
2011,"Intergalactic Lovers","12"
2011,"Chase & Status feat. Delilah","14"
2011,"De Pitaboys","8"
2011,"Sunrise Avenue","12"
2011,"Kat DeLuna","14"
2011,"Katy Perry","15"
2011,"Jamie Woon","12"
2011,"Taio Cruz feat. Kylie Minogue","10"
2011,"Selena Gomez & The Scene","13"
2011,"Duck Sauce","7"
2011,"DJ Antoine feat. Tom Dice","10"
2011,"Jennifer Lopez feat. Lil Wayne","12"
2011,"Britney Spears","9"
2011,"Avril Lavigne","11"
2011,"Amatorski","9"
2011,"Katy Perry feat. Kanye West","11"
2011,"Elbow","9"
2011,"DiddyDirtyMoney feat. Skylar Grey","9"
2011,"dEUS","14"
2011,"Swedish House Mafia","4"
2012,"Michel Teló","36"
2012,"Gusttavo Lima","24"
2012,"Triggerfinger","4"
2012,"Sam Sparro","2"
2012,"Asaf Avidan","5"
2012,"Carly Rae Jepsen","2"
2012,"Psy","14"
2012,"Gers Pardoel","27"
2012,"Birdy","2"
2012,"Gotye feat. Kimbra","3"
2012,"Of Monsters And Men","1"
2012,"Lykke Li","29"
2012,"Parachute Youth","30"
2012,"Loreen","1"
2012,"Lana Del Rey","18"
2012,"Adele","16"
2012,"Nicki Minaj","21"
2012,"Major Lazer feat. Amber Coffman","22"
2012,"Fun. feat. Janelle Monáe","23"
2012,"Gers Pardoel feat. Sef","19"
2012,"Florence + The Machine","3"
2012,"Flo Rida","18"
2012,"Goodwill & Hook N Sling","18"
2012,"Avicii","19"
2012,"Rudimental feat. John Newman","29"
2012,"Birdy","1"
2012,"will.i.am feat. Eva Simons","2"
2012,"Tacabro","19"
2012,"Ben Howard","22"
2012,"Adele","1"
2012,"Rihanna","18"
2012,"Emeli Sandé","18"
2012,"Maroon 5 feat. Wiz Khalifa","21"
2012,"Skrillex feat. Sirah","22"
2012,"Jennifer Lopez feat. Pitbull","19"
2012,"Otto Knows","2"
2012,"Netsky","5"
2012,"Jessie Ware","5"
2012,"Rihanna","22"
2012,"Infinity Ink","15"
2012,"Jay-Z / Kanye West","5"
2012,"Swedish House Mafia feat. John Martin","11"
2012,"David Guetta feat. Sia","15"
2012,"Passenger","31"
2012,"LMFAO","16"
2012,"Rihanna feat. Calvin Harris","10"
2012,"Flo Rida feat. Sia","15"
2012,"David Guetta feat. Sia","5"
2012,"Chris Brown","22"
2012,"Gossip","18"
2012,"Adele","2"
2012,"Khaled","10"
2012,"Pitbull","14"
2012,"Snoop Dogg & Wiz Khalifa feat. Bruno Mars","15"
2012,"Silke Mastbooms","9"
2012,"Owl City and Carly Rae Jepsen","16"
2012,"Michael Kiwanuka","17"
2012,"Marco Z","16"
2012,"Lil Wayne feat. Bruno Mars","17"
2012,"Nneka","17"
2012,"DJ Fresh feat. Rita Ora","14"
2012,"Alicia Keys feat. Nicki Minaj","14"
2012,"Sean Paul","11"
2012,"Skrillex feat. Damian ""Jr. Gong"" Marley","19"
2012,"Swedish House Mafia","14"
2012,"Justin Bieber","17"
2012,"David Guetta feat. Nicki Minaj","16"
2012,"Dimitri Vegas, Like Mike & Regi","10"
2012,"One Direction","8"
2012,"Glenn Claes","6"
2012,"Kraantje Pappie","16"
2012,"Adele","1"
2012,"Kid Cudi feat. MGMT & Ratatat","2"
2012,"Ed Sheeran","10"
2012,"Shakira","10"
2012,"The Script feat. will.i.am","7"
2012,"Train","14"
2012,"Glenn Claes","5"
2012,"Coldplay","7"
2012,"Arid","12"
2012,"Usher","16"
2012,"LMFAO","13"
2012,"The Black Keys","10"
2012,"Flo Rida","1"
2012,"Madonna feat. Nicki Minaj & M.I.A.","10"
2012,"LMFAO feat. Lauren Bennett & GoonRock","4"
2012,"Taio Cruz feat. Flo Rida","9"
2012,"Jose de Rico feat. Henry Mendez","10"
2012,"dEUS","12"
2012,"Coldplay & Rihanna","11"
2012,"Jessy feat. Abie Flinstone","10"
2012,"Azealia Banks feat. Lazy Jay","10"
2012,"Flo Rida","7"
2012,"Bruno Mars","21"
2012,"Netsky","7"
2012,"De Vrienden Van Meneer Konijn","1"
2012,"One Direction","6"
2012,"Lana Del Rey","9"
2012,"Kelly Clarkson","10"
2012,"Gossip","14"
2013,"Avicii","26"
2013,"Daft Punk feat. Pharrell Williams","24"
2013,"Robin Thicke feat. T.I. + Pharrell","30"
2013,"Martin Garrix","23"
2013,"Macklemore & Ryan Lewis feat. Ray Dalton","27"
2013,"Macklemore & Ryan Lewis feat. Wanz","29"
2013,"Stromae","28"
2013,"will.i.am & Britney Spears","26"
2013,"Stromae","31"
2013,"Bastille","24"
2013,"Tom Odell","29"
2013,"Passenger","31"
2013,"Ozark Henry","26"
2013,"Bakermat","32"
2013,"P!nk feat. Nate Ruess","26"
2013,"Major Lazer feat. Busy Signal, The Flexican & FS Green","27"
2013,"James Arthur","24"
2013,"Maître Gims","19"
2013,"Klangkarussell","23"
2013,"Icona Pop feat. Charli XCX","28"
2013,"Rihanna feat. Mikky Ekko","23"
2013,"Bruno Mars","21"
2013,"Calvin Harris feat. Ellie Goulding","21"
2013,"Maaike Ouboter","19"
2013,"Jason Derulo feat. 2 Chainz","17"
2013,"One Direction","22"
2013,"DVBBS & Borgeous","15"
2013,"Naughty Boy feat. Sam Smith","21"
2013,"Ellie Goulding","21"
2013,"John Newman","20"
2013,"David Guetta feat. Ne-Yo & Akon","20"
2013,"Infinity Ink","15"
2013,"Bruno Mars","20"
2013,"Rihanna","18"
2013,"Avicii vs Nicky Romero","19"
2013,"Miley Cyrus","14"
2013,"Armin van Buuren feat. Trevor Guthrie","21"
2013,"Katy Perry","18"
2013,"Labrinth feat. Emeli Sandé","16"
2013,"Netsky feat. Billie","18"
2013,"Psy","14"
2013,"Showtek + Justin Prime","19"
2013,"Lorde","10"
2013,"Birdy","19"
2013,"Hooverphonic","13"
2013,"Rudimental feat. Ella Eyre","19"
2013,"Pitbull feat. Christina Aguilera","17"
2013,"Yellow Claw & The Opposites","17"
2013,"Baauer","12"
2013,"Adele","16"
2013,"Taylor Swift","17"
2013,"Candi Staton","16"
2013,"will.i.am feat. Justin Bieber","17"
2013,"Chris Malinchak","15"
2013,"Henry Mendez","17"
2013,"Emeli Sandé","20"
2013,"The Lumineers","17"
2013,"Axelle Red","18"
2013,"Alex Hepburn","15"
2013,"Ahzee","21"
2013,"Eminem feat. Rihanna","7"
2013,"Bingo Players feat. Far East Movement","16"
2013,"Paulien Mathues","10"
2013,"Khaled","10"
2013,"The Broken Circle Breakdown Bluegrass Band","10"
2013,"Justin Timberlake","17"
2013,"Anna Kendrick","14"
2013,"Claptone feat. Jaw","15"
2013,"Psy","12"
2013,"David Latour","12"
2013,"Alicia Keys feat. Nicki Minaj","14"
2013,"Pitbull feat. Ke$ha","9"
2013,"Bruno Mars","17"
2013,"Milk Inc.","10"
2013,"Natalia","13"
2013,"Bastille","14"
2013,"Pulcino Pio","9"
2013,"Miley Cyrus","17"
2013,"Slongs Dievanongs","16"
2013,"Gabriel Rios","8"
2013,"P!nk","16"
2013,"Francesco Rossi","13"
2013,"Swedish House Mafia feat. John Martin","11"
2013,"Macklemore & Ryan Lewis feat. Mary Lambert","14"
2013,"Duke Dumont feat. A*M*E","14"
2013,"Avicii","6"
2013,"Lady Gaga","13"
2013,"2 Chainz feat. Wiz Khalifa","12"
2013,"Milk Inc.","9"
2013,"Dimitri Vegas & Like Mike","6"
2013,"Dimaro & Ahzee","11"
2013,"Showtek","9"
2013,"Kavinsky feat. The Weeknd","15"
2013,"Stromae","8"
2013,"Drake feat. Majid Jordan","12"
2013,"One Direction","10"
2013,"Calvin Harris feat. Florence Welch","9"
2013,"Jay-Z feat. Justin Timberlake","13"
2013,"Demi Lovato","14"
2013,"Ellie Goulding","10"
2014,"Pharrell Williams","47"
2014,"Lilly Wood & The Prick and Robin Schulz","25"
2014,"Dotan","23"
2014,"Mr Probz","27"
2014,"Hozier","18"
2014,"Clean Bandit feat. Jess Glynne","26"
2014,"John Legend","45"
2014,"Klingande","20"
2014,"Kiesza","25"
2014,"Katy Perry feat. Juicy J","19"
2014,"Coldplay","31"
2014,"A Great Big World and Christina Aguilera","22"
2014,"Milky Chance","22"
2014,"London Grammar","23"
2014,"Calvin Harris","24"
2014,"Sigma","19"
2014,"George Ezra","25"
2014,"Stromae","23"
2014,"Tove Lo feat. Hippie Sabotage","25"
2014,"Watermät","15"
2014,"Indila","25"
2014,"Jason Derulo feat. Snoop Dogg","20"
2014,"Avicii","17"
2014,"FAUL & Wad Ad vs. Pnau","17"
2014,"Route 94 feat. Jess Glynne","21"
2014,"Avicii","17"
2014,"Netsky feat. Beth Ditto","17"
2014,"2 Fabiola feat. Loredana","18"
2014,"Ed Sheeran","16"
2014,"Avicii","19"
2014,"Ellie Goulding","13"
2014,"Gers Pardoel","18"
2014,"Oscar And The Wolf","25"
2014,"Coldplay","18"
2014,"Sam Smith","29"
2014,"David Guetta & Showtek feat. Vassy","15"
2014,"David Guetta feat. Sam Martin","21"
2014,"Michael Jackson & Justin Timberlake","17"
2014,"Demi Lovato","19"
2014,"Black M","19"
2014,"Dimitri Vegas, Moguai & Like Mike feat. Julian Perretta","13"
2014,"Nico & Vinz","21"
2014,"Sia","22"
2014,"Dimitri Vegas & Like Mike feat. Wolfpack & Katy B","11"
2014,"Pitbull feat. Jennifer Lopez & Cláudia Leitte","17"
2014,"DVBBS & Borgeous","13"
2014,"Pitbull feat. Ke$ha","14"
2014,"Gabriel Rios","11"
2014,"Nielson","10"
2014,"Jason Derulo","15"
2014,"Stromae","12"
2014,"Ariana Grande feat. Iggy Azalea","21"
2014,"Eminem feat. Rihanna","11"
2014,"Zhu","19"
2014,"David Guetta feat. Skylar Grey","14"
2014,"Dimitri Vegas & Martin Garrix & Like Mike","14"
2014,"Stromae","14"
2014,"Bastille","15"
2014,"Shakira","14"
2014,"Pitbull feat. John Ryan","18"
2014,"Enrique Iglesias feat. Sean Paul / Gente De Zona / Descemer Bueno","17"
2014,"Meghan Trainor","14"
2014,"Stromae","11"
2014,"Duke Dumont feat. Jax Jones","16"
2014,"Snollebollekes","13"
2014,"Rebel feat. Sidney Housen","15"
2014,"Oscar And The Wolf","22"
2014,"The Common Linnets","12"
2014,"Lorde","11"
2014,"Martin Garrix","7"
2014,"The Magician feat. Years And Years","16"
2014,"Beyoncé feat. Jay Z","16"
2014,"Magic System feat. Chawki","14"
2014,"Ten Walls","14"
2014,"Yellow Claw feat. Rochelle","14"
2014,"OneRepublic","16"
2014,"Family Of The Year","16"
2014,"Martin Garrix & Jay Hardway","10"
2014,"Pharrell Williams","17"
2014,"The Chainsmokers","12"
2014,"Marco Borsato met Jada Borsato feat. Willem Frederiks & Lange Fra...","6"
2014,"Calvin Harris feat. John Newman","13"
2014,"Sam Smith","13"
2014,"Iggy Azalea feat. Rita Ora","15"
2014,"Shakira feat. Rihanna","14"
2014,"Lenny Kravitz","18"
2014,"João Neto & Frederico","11"
2014,"Ed Sheeran","17"
2014,"Dimitri Vegas & Like Mike vs. Tujamo & Felguk","10"
2014,"Hooverphonic","11"
2014,"Sigma feat. Paloma Faith","12"
2014,"David Guetta feat. Sam Martin","9"
2014,"Secondcity","14"
2014,"Klangkarussell","15"
2014,"Paloma Faith","11"
2014,"Ariana Grande feat. Zedd","15"
2014,"Daft Punk feat. Julian Casablancas","14"
2014,"Marble Sounds","8"
2014,"Daft Punk feat. Pharrell Williams","6"
2014,"Lost Frequencies","5"
2015,"Mark Ronson feat. Bruno Mars","32"
2015,"Omi","33"
2015,"Christine And The Queens","29"
2015,"Lost Frequencies feat. Janieck Devy","28"
2015,"Adele","8"
2015,"Dimitri Vegas & Like Mike vs. Ummet Ozcan","33"
2015,"Major Lazer & DJ Snake feat. MØ","31"
2015,"Stan Van Samang","22"
2015,"Wiz Khalifa feat. Charlie Puth","22"
2015,"Dimitri Vegas & Like Mike feat. Ne-Yo","20"
2015,"Lost Frequencies","28"
2015,"Stan Van Samang","32"
2015,"Ellie Goulding","22"
2015,"Loïc Nottet","13"
2015,"Feder feat. Lyse","20"
2015,"Nicky Jam & Enrique Iglesias","18"
2015,"Felix Jaehn feat. Jasmine Thompson","23"
2015,"Kygo feat. Conrad","20"
2015,"Zara Larsson","22"
2015,"Matt Simons","19"
2015,"Raving George feat. Oscar And The Wolf","21"
2015,"Calvin Harris + Disciples","21"
2015,"Kygo feat. Parson James","23"
2015,"Martin Solveig & GTA","18"
2015,"Ed Sheeran","18"
2015,"Galantis","21"
2015,"Lil Kleine & Ronnie Flex","18"
2015,"Jebroer feat. Stepherd, Skinto & Jayh","23"
2015,"Eva Simons feat. Konshens","21"
2015,"Pharrell Williams","20"
2015,"Rihanna and Kanye West and Paul McCartney","18"
2015,"Emma Bale","14"
2015,"Broiler feat. Ravvel","14"
2015,"Gregory Porter","21"
2015,"David Guetta feat. Nicki Minaj & Afrojack","18"
2015,"R. City feat. Adam Levine","14"
2015,"Hozier","16"
2015,"Stan Van Samang","21"
2015,"Years & Years","20"
2015,"Lea Rue","15"
2015,"Dotan","20"
2015,"Nielson","14"
2015,"Emma Bale","26"
2015,"James Bay","18"
2015,"Alvaro Soler","22"
2015,"Justin Bieber","16"
2015,"Skrillex & Diplo feat. Justin Bieber","23"
2015,"K3","5"
2015,"Axwell <U+039B> Ingrosso","18"
2015,"AronChupa","15"
2015,"Netsky","17"
2015,"Oscar And The Wolf","12"
2015,"Måns Zelmerlöw","11"
2015,"Tourist LeMC","15"
2015,"Fifth Harmony feat. Kid Ink","16"
2015,"The Weeknd","22"
2015,"Calvin Harris feat. Ellie Goulding","13"
2015,"Gavin James","14"
2015,"Avicii","15"
2015,"Jason Derulo","18"
2015,"Kendrick Lamar","14"
2015,"Dimitri Vegas & Like Mike vs. Fedde Le Grand feat. Julian Perrett...","10"
2015,"Kenny B","19"
2015,"Timmy Trumpet & Savage","14"
2015,"Avicii","16"
2015,"The Weeknd","13"
2015,"Zara Larsson","14"
2015,"Sam Feldt feat. Kimberly Anne","16"
2015,"Walk The Moon","15"
2015,"Selah Sue","14"
2015,"O.T. Genasis","14"
2015,"Charli XCX","15"
2015,"Taylor Swift","12"
2015,"Dotan","9"
2015,"Macklemore & Ryan Lewis feat. Eric Nally, Melle Mel, Kool Moe Dee...","15"
2015,"Maître Gims","15"
2015,"Sigala","14"
2015,"Robin Schulz feat. Francesco Yates","18"
2015,"Ariana Grande","15"
2015,"Maroon 5","13"
2015,"Sam Smith","11"
2015,"Deorro X Chris Brown","12"
2015,"Armin van Buuren feat. Mr. Probz","11"
2015,"Sam Smith","10"
2015,"Years & Years","13"
2015,"Justin Bieber","8"
2015,"Madcon feat. Ray Dalton","11"
2015,"Sam Smith","12"
2015,"Flo Rida feat. Sage The Gemini & Lookas","15"
2015,"Slongs Dievanongs","11"
2015,"Pharrell Williams","6"
2015,"DJ Fresh feat. Ella Eyre","13"
2015,"Jess Glynne","11"
2015,"Billie [BE]","11"
2015,"Florence + The Machine","10"
2015,"Charlie Puth feat. Meghan Trainor","13"
2015,"Madilyn Bailey","14"
2015,"One Direction","12"
2015,"David Guetta feat. Sam Martin","8"
2015,"Robin Schulz feat. Ilsey","11"
2016,"Justin Timberlake","32"
2016,"Drake feat. Wizkid & Kyla","30"
2016,"Mike Posner","28"
2016,"Lukas Graham","27"
2016,"Alan Walker","27"
2016,"Kungs vs. Cookin' On 3 Burners","25"
2016,"The Chainsmokers feat. Daya","30"
2016,"Sia feat. Sean Paul","27"
2016,"Lost Frequencies feat. Sandro Cavazza","19"
2016,"Dua Lipa","22"
2016,"Tourist LeMC feat. Spiritually Wally","28"
2016,"Twenty One Pilots","20"
2016,"The Chainsmokers feat. Halsey","20"
2016,"Jonas Blue feat. Dakota","23"
2016,"Justin Bieber","22"
2016,"Bazart","38"
2016,"Major Lazer feat. Nyla & Fuse ODG","26"
2016,"Nathaniel Rateliff & The Night Sweats","23"
2016,"Milow","23"
2016,"Calvin Harris feat. Rihanna","22"
2016,"Gnash feat. Olivia O'Brien","20"
2016,"Fifth Harmony feat. Ty Dolla $ign","21"
2016,"Enrique Iglesias feat. Wisin","21"
2016,"Coldplay","17"
2016,"Rag'n'Bone Man","16"
2016,"Imany","21"
2016,"Major Lazer feat. Justin Bieber & MØ","22"
2016,"Laura Tesoro","22"
2016,"Adele","19"
2016,"Flume feat. Kai","21"
2016,"The Strumbellas","22"
2016,"DNCE","22"
2016,"Dimitri Vegas & Like Mike","17"
2016,"Alvaro Soler","19"
2016,"DJ Snake feat. Justin Bieber","19"
2016,"Jonas Blue feat. JP. Cooper","22"
2016,"The Weeknd feat. Daft Punk","13"
2016,"Adele","15"
2016,"Rihanna feat. Drake","16"
2016,"Drake feat. Rihanna","17"
2016,"Lost Frequencies","11"
2016,"Desiigner","18"
2016,"Emma Bale feat. Milow","16"
2016,"Hooverphonic","15"
2016,"G-Eazy x Bebe Rexha","16"
2016,"Justin Bieber","15"
2016,"Bazart","20"
2016,"Bruno Mars","11"
2016,"Kiiara","16"
2016,"First Aid Kit","17"
2016,"David Guetta feat. Zara Larsson","17"
2016,"Adele","13"
2016,"Twenty One Pilots","18"
2016,"Twenty One Pilots","17"
2016,"Frances","18"
2016,"Shawn Mendes","19"
2016,"Netsky feat. Digital Farm Animals","17"
2016,"Martin Garrix & Bebe Rexha","20"
2016,"Calvin Harris","13"
2016,"Charlie Puth","16"
2016,"Sia feat. Kendrick Lamar","15"
2016,"Red Hot Chili Peppers","17"
2016,"Deorro feat. Elvis Crespo","16"
2016,"Tinie Tempah feat. Zara Larsson","16"
2016,"Florence + The Machine","15"
2016,"Shawn Mendes","13"
2016,"Galantis","16"
2016,"Mike Perry feat. Shy Martin","16"
2016,"Bastille","15"
2016,"Johannes Genard","13"
2016,"Charlie Puth feat. Selena Gomez","13"
2016,"Jauz x Netsky","19"
2016,"Oscar And The Wolf","15"
2016,"Kygo feat. Maty Noyes","17"
2016,"Zara Larsson & MNEK","13"
2016,"Coldplay","11"
2016,"Kings Of Leon","14"
2016,"Tame Impala","15"
2016,"Tourist LeMC","13"
2016,"Dua Lipa","16"
2016,"Cheat Codes x Kris Kross Amsterdam","14"
2016,"Dimitri Vegas & Like Mike vs. Diplo feat. Deb's Daughter","8"
2016,"Lukas Graham","16"
2016,"X Ambassadors","12"
2016,"DJ Snake feat. Bipolar Sunshine","12"
2016,"Zayn","13"
2016,"Ertebrekers","12"
2016,"Zara Larsson","2"
2016,"The Chainsmokers feat. Rozes","14"
2016,"Willy William","12"
2016,"Martin Solveig feat. Tkay Maidza","14"
2016,"Kaleo","11"
2016,"Yall feat. Gabriela Richardson","12"
2016,"Ariana Grande","13"
2016,"Kent Jones","11"
2016,"Noémie Wolfs","12"
2016,"Justin Bieber","5"
2016,"Nathaniel Rateliff & The Night Sweats","10"
2016,"LP","13"
2016,"Drake","9"
2017,"Ed Sheeran","48"
2017,"Luis Fonsi feat. Daddy Yankee","37"
2017,"The Chainsmokers & Coldplay","36"
2017,"Ed Sheeran","28"
2017,"Shawn Mendes","31"
2017,"Blanche [BE]","25"
2017,"Jax Jones feat. Raye","27"
2017,"Clean Bandit feat. Zara Larsson","29"
2017,"Jonas Blue feat. William Singe","28"
2017,"Boef","23"
2017,"AJR","26"
2017,"The Weeknd feat. Daft Punk","21"
2017,"Kygo & Selena Gomez","24"
2017,"Ed Sheeran","18"
2017,"Julia Michaels","25"
2017,"Regi","22"
2017,"Dua Lipa","19"
2017,"Imagine Dragons","26"
2017,"Calvin Harris feat. Pharrell Williams, Katy Perry & Big Sean","24"
2017,"Harry Styles","23"
2017,"Van Echelpoel","17"
2017,"Clean Bandit feat. Sean Paul & Anne-Marie","16"
2017,"Lil Kleine feat. Boef","21"
2017,"Bruno Mars","18"
2017,"Axwell <U+039B> Ingrosso","24"
2017,"Milo Meskens","25"
2017,"Ed Sheeran","11"
2017,"Rita Ora","23"
2017,"P!nk","17"
2017,"Oscar And The Wolf","21"
2017,"Starley","18"
2017,"David Guetta feat. Justin Bieber","20"
2017,"Kraantje Pappie","19"
2017,"Rag'n'Bone Man","22"
2017,"Enrique Iglesias feat. Descemer Bueno, Zion & Lennox","21"
2017,"Katy Perry feat. Skip Marley","16"
2017,"Gers Pardoel","20"
2017,"Disciples","19"
2017,"Dimitri Vegas & Like Mike vs. David Guetta feat. Kiiara","20"
2017,"Calvin Harris feat. Frank Ocean & Migos","17"
2017,"J Balvin & Willy William","22"
2017,"Lost Frequencies & Netsky","19"
2017,"Charlie Puth","22"
2017,"Jason Derulo feat. Nicki Minaj & Ty Dolla $ign","18"
2017,"DJ Khaled feat. Rihanna & Bryson Tiller","17"
2017,"Martin Garrix & Dua Lipa","17"
2017,"Zayn & Taylor Swift","16"
2017,"Anne-Marie","21"
2017,"Sam Smith","14"
2017,"Bruno Mars","11"
2017,"Laura Tesoro","23"
2017,"Zedd & Alessia Cara","21"
2017,"Jebroer & DJ Paul Elstak","13"
2017,"The Chainsmokers","14"
2017,"Kendrick Lamar","13"
2017,"JP Cooper","13"
2017,"DJ Khaled feat. Justin Bieber, Quavo, Chance The Rapper & Lil Way...","16"
2017,"Martin Garrix & Troye Sivan","20"
2017,"Robin Schulz feat. James Blunt","20"
2017,"Shakira feat. Maluma","15"
2017,"Rag'n'Bone Man","10"
2017,"Lil Kleine","13"
2017,"Neiked feat. Dyo","14"
2017,"French Montana feat. Swae Lee","14"
2017,"Delv!s","15"
2017,"James Arthur","13"
2017,"Martin Solveig feat. Alma","16"
2017,"Drake","13"
2017,"Camila Cabello feat. Young Thug","13"
2017,"Portugal. The Man","14"
2017,"Imagine Dragons","17"
2017,"Zayn feat. Sia","13"
2017,"Henri PFR feat. Raphaella","14"
2017,"Arcade Fire","17"
2017,"Niall Horan","18"
2017,"Lost Frequencies feat. Axel Ehnström","13"
2017,"Niels & Wiels","11"
2017,"Future","13"
2017,"Marshmello feat. Khalid","15"
2017,"Bazart","11"
2017,"Avicii feat. Sandro Cavazza","16"
2017,"Lady Gaga","10"
2017,"The Chainsmokers feat. Halsey","9"
2017,"Justin Timberlake","10"
2017,"The Weeknd feat. Daft Punk","10"
2017,"Macklemore feat. Skylar Grey","15"
2017,"Kaleo","9"
2017,"Burak Yeter feat. Danelle Sandoval","15"
2017,"The XX","12"
2017,"Dimitri Vegas & Like Mike vs. Diplo feat. Deb's Daughter","11"
2017,"Gers Pardoel","11"
2017,"CNCO & Little Mix","11"
2017,"Little Mix","13"
2017,"Post Malone feat. 21 Savage","12"
2017,"Miley Cyrus","14"
2017,"Riton feat. Kah-Lo, Mr Eazi & Davido","12"
2017,"Maroon 5 feat. SZA","13"
2017,"Lorde","9"
2017,"Adele","9"
2017,"Major Lazer feat. Travis Scott, Camila Cabello & Quavo","12"
